model_idx,L2_loss,epsilon,evaluation_formula
0,3.6982081814064656,0.6812920690579612,out_of_sample_target_dual_log_scaling
1,3.223673406079692,0.6812920690579612,out_of_sample_target_dual_log_scaling
2,2.8814445698606335,0.6812920690579612,out_of_sample_target_dual_log_scaling
3,3.9243036187667104,0.6812920690579612,out_of_sample_target_dual_log_scaling
4,2.900951253961177,0.6812920690579612,out_of_sample_target_dual_log_scaling
